world_file,D_Mem,D_Cost,D_PlanTime,D_ExecTime,D_Turns,D_Battery,A_Mem,A_Cost,A_PlanTime,A_ExecTime,A_Turns,A_Battery,RRT_Mem,RRT_Cost,RRT_PlanTime,RRT_ExecTime,RRT_Turns,RRT_Battery
map_4302_Random_hard.sdf,1810.0,37.92031021678326,365.8039855957031,121.60509920120239,30,0.002687322148907402,1810.0,36.62741699796978,486.2040100097656,1.457702398300171,27,0.0008093891104563333,,,,,,
