world_file,D_Mem,D_Cost,D_PlanTime,D_ExecTime,D_Turns,D_Battery,A_Mem,A_Cost,A_PlanTime,A_ExecTime,A_Turns,A_Battery,RRT_Mem,RRT_Cost,RRT_PlanTime,RRT_ExecTime,RRT_Turns,RRT_Battery
map_9687_Rooms_hard.sdf,0.0,47.334523779156044,0.0,169.11275959014893,22,0.32125187867072563,0.0,47.334523779156044,0.0,246.41119623184204,22,0.618937220150963,0.0,67.49739546893089,0.0,401.47001846631366,26.333333333333332,0.41243485703528276
map_9544_Rooms_hard.sdf,0.0,41.81706711523732,0.0,183.2519974708557,0,0.4592381345911289,0.0,41.81706711523732,0.0,203.56000065803528,0,0.5078076481097586,0.0,32.871599662780646,0.0,157.58370304107666,12.333333333333334,0.3950675191987581
map_8843_Rooms_hard.sdf,0.0,42.48047265751283,0.0,173.05925011634827,0,0.44861352659713266,0.0,42.48047265751283,0.0,169.7654151916504,0,0.4402853236179486,0.0,57.71935418727242,0.0,247.44866037368774,23.333333333333332,0.6194541005772266
map_13994_Corridors_hard.sdf,0.0,57.849242404917476,0.0,374.4133183956146,24,0.9717440798447804,0.0,57.849242404917476,0.0,418.64526867866516,24,1.0866551994489426,0.0,41.45013464414143,0.0,297.1244010925293,22.0,0.7292817005133538
map_14802_Corridors_hard.sdf,0.0,47.435028842544384,0.0,335.16255474090576,22,0.8693540514167936,0.0,47.435028842544384,0.0,334.9867374897003,22,0.8691048432433119,0.0,54.17230697172064,0.0,362.59433301289874,24.333333333333332,0.940171192362489
map_14980_Corridors_hard.sdf,0.0,47.89027624812206,0.0,365.6133632659912,12,0.9074246164681185,0.0,47.89027624812206,0.0,363.5123145580292,12,0.9062099336579934,0.0,20.090954947414506,0.0,132.16697414716086,15.0,0.3258841470326525
map_17663_Mazes_hard.sdf,0.0,55.355339059327335,0.0,265.224249124527,41,0.6641201614831997,0.0,55.355339059327335,0.0,259.2605347633362,41,0.659438484454114,0.0,0.0,0.0,0.0021262168884277344,0.0,0.0
map_18505_Mazes_hard.sdf,0.0,61.73401871576769,0.0,173.091943025589,56,0.006713317909987557,0.0,61.73401871576769,0.0,169.05716514587402,56,0.005500748286309221,0.0,0.0,0.0,0.0021871725718180337,0.0,0.0
map_18914_Mazes_hard.sdf,0.0,70.73401871576772,0.0,347.71357345581055,49,0.7834230128822474,0.0,70.73401871576772,0.0,273.06274127960205,49,0.6652620111172086,0.0,0.0,0.0,0.0023010571797688804,0.0,0.0
