world_file,D_Mem,D_Cost,D_PlanTime,D_ExecTime,D_Turns,D_Battery,A_Mem,A_Cost,A_PlanTime,A_ExecTime,A_Turns,A_Battery,RRT_Mem,RRT_Cost,RRT_PlanTime,RRT_ExecTime,RRT_Turns,RRT_Battery
map_9687_Rooms_hard.sdf,0.0,39.65105351498013,0.0,238.0592622756958,14.0,0.5157436472588267,0.0,47.334523779156044,0.0,193.461110830307,22.0,0.47767004471073754,NaN,NaN,NaN,NaN,NaN,0.0
map_9544_Rooms_hard.sdf,0.0,0.0,0.0,0.0,0.0,0.0,0.0,41.81706711523732,0.0,199.92837357521057,0.0,0.48777180967048606,0.0,16.578101153387454,0.0,76.21195205052693,6.0,0.19554433463386123
map_8843_Rooms_hard.sdf,0.0,41.642123996175854,0.0,169.39330005645752,18.0,0.4390209549287521,0.0,42.48047265751283,0.0,188.51213312149048,0.0,0.48847292454664665,0.0,57.04830866863899,0.0,274.521000623703,16.5,0.6823621810752782
map_13994_Corridors_hard.sdf,NaN,NaN,NaN,NaN,NaN,NaN,NaN,NaN,NaN,NaN,NaN,NaN,NaN,NaN,NaN,NaN,NaN,0.0
map_14802_Corridors_hard.sdf,NaN,NaN,NaN,NaN,NaN,NaN,NaN,NaN,NaN,NaN,NaN,NaN,NaN,NaN,NaN,NaN,NaN,0.0
map_14980_Corridors_hard.sdf,NaN,NaN,NaN,NaN,NaN,NaN,NaN,NaN,NaN,NaN,NaN,NaN,NaN,NaN,NaN,NaN,NaN,0.0
