world_file,D_Mem,D_Cost,D_PlanTime,D_ExecTime,D_Turns,D_Battery,A_Mem,A_Cost,A_PlanTime,A_ExecTime,A_Turns,A_Battery,RRT_Mem,RRT_Cost,RRT_PlanTime,RRT_ExecTime,RRT_Turns,RRT_Battery
map_7372_Rooms_hard.sdf,0.0,41.682319393873165,0.0,153.35714960098267,4,0.3972764457891288,0.0,41.682319393873165,0.0,101.37974095344543,4,0.23788483143666592,0.0,58.49758090179376,0.0,237.19160143534342,23.666666666666668,0.5393593621019669
map_9687_Rooms_hard.sdf,0.0,47.334523779156044,0.0,203.71048307418823,22,0.5091913552341187,0.0,47.334523779156044,0.0,189.49310302734375,22,0.46859727961200387,0.0,70.46660600557189,0.0,372.82161776224774,25.333333333333332,0.5850534625326611
map_13994_Corridors_hard.sdf,0.0,57.849242404917476,0.0,409.6648051738739,24,1.0635784491955689,0.0,57.849242404917476,0.0,441.24740076065063,24,1.1454549259607962,0.0,62.55681467900322,0.0,454.38619955380756,26.666666666666668,1.178686474015379
map_14802_Corridors_hard.sdf,0.0,47.435028842544384,0.0,353.06326246261597,22,0.9159054311641336,0.0,47.435028842544384,0.0,347.0621237754822,22,0.9004275013493128,0.0,53.25316832910374,0.0,379.7480628490448,29.0,0.9843309191175287
map_17663_Mazes_hard.sdf,0.0,55.355339059327335,0.0,297.01220059394836,41,0.752734451740034,0.0,55.355339059327335,0.0,271.4627001285553,41,0.6910199528350657,0.0,0.0,0.0,0.0023116270701090493,0.0,0.0
map_16734_Mazes_hard.sdf,0.0,45.54163056034259,0.0,204.31410598754883,35,0.5292357320305912,0.0,45.54163056034259,0.0,232.6118402481079,35,0.600906674418406,0.0,18.25924690850042,0.0,80.90904998779297,14.666666666666666,0.20976324504203514
