world_file,D_Mem,D_Cost,D_PlanTime,D_ExecTime,D_Turns,D_Battery,A_Mem,A_Cost,A_PlanTime,A_ExecTime,A_Turns,A_Battery,RRT_Mem,RRT_Cost,RRT_PlanTime,RRT_ExecTime,RRT_Turns,RRT_Battery
map_9687_Rooms_hard.sdf,0.0,39.65105351498013,0.0,236.75891256332397,14.0,0.23357011922213508,0.0,47.334523779156044,0.0,188.69486737251282,22.0,0.4667031844043931,0.0,74.05434244471026,0.0,317.8204406102498,19.333333333333332,0.6904719684290601
map_9544_Rooms_hard.sdf,0.0,0.0,0.0,0.0,0.0,0.0,0.0,41.81706711523732,0.0,210.45515418052673,0.0,0.5231828188113663,0.0,0.0,0.0,0.0032535394032796225,0.0,0.0
map_8843_Rooms_hard.sdf,0.0,41.642123996175854,0.0,169.4977638721466,18.0,0.4392328453484176,0.0,42.48047265751283,0.0,182.21043467521667,0.0,0.47210578482404575,0.0,62.149378000927946,0.0,304.594610452652,27.0,0.7067777043494078
map_13994_Corridors_hard.sdf,0.0,0.0,0.0,0.0,0,0.0,0.0,57.849242404917476,0.0,441.9697358608246,24,1.1470439416811011,0.0,60.733330431019134,0.0,495.4442954858144,23.0,0.9775335340461835
map_14802_Corridors_hard.sdf,0.0,47.11318087792277,0.0,345.0654773712158,20,0.8913399058701391,0.0,47.435028842544384,0.0,327.81023812294006,22,0.8503329534988693,0.0,55.78465838604016,0.0,393.4472959836324,27.666666666666668,0.8261250573841389
map_14980_Corridors_hard.sdf,0.0,46.67883926363874,0.0,397.1681251525879,18,1.0074563227414366,0.0,47.89027624812206,0.0,379.36084842681885,12,0.9412748787606402,0.0,20.958724900948965,0.0,134.64907614390054,14.333333333333334,0.3485374685240867
map_17663_Mazes_hard.sdf,0.0,0.0,0.0,0.0,0,0.0,0.0,55.355339059327335,0.0,267.3868639469147,41,0.6744658634560142,0.0,0.0,0.0,0.0049215952555338545,0.0,0.0
map_18505_Mazes_hard.sdf,0.0,0.0,0.0,0.0,0,0.0,0.0,61.73401871576769,0.0,172.70917081832886,56,0.007419588517392475,0.0,0.0,0.0,0.004693428675333659,0.0,0.0
map_18914_Mazes_hard.sdf,0.0,0.0,0.0,0.0,0,0.0,0.0,70.73401871576772,0.0,283.2676959037781,49,0.6869565530479632,0.0,0.0,0.0,0.005250692367553711,0.0,0.0
